NU1	NU2	NU3	NU4	NU5	NU6	NU7	NU8	NU9	NU10	NU11	NU12	NU13	NU14	NU15	NU16	NU17	NU18	NU19	NU20	NU21	NU22	NU23	NU24	NU25	NU26	NU27	NU28	NU30	NU31	NU32	NU33	NU34	NU36	NU38	NU44	NU95	NU96	UC2	UC7	UC8	UC9	UC10	UC12	UC15	UC16	UC18	UC20	UC22	UC23	UC24	UC25	UC26	UC29	UC30	UC31	UC32	UC33	UC34	UC35	UC36	UC37	UC38	UC39	UC40	UC41	UC42	UC43	UC45	UC46	UC47	UC48	UC49	UC50	UC51	UC52	UC53	UC54	UC55	UC56	UC57	UC58	UC59	UC60	UC61	UC62	UC63	UC64	UC65	UC66	UC67	UC68	UC69	UC70	UC71	UC72	UC73	UC74	UC75	UC76	UC77	UC78	UC79	UC80	UC81	UC82	UC83	UC84	UC85	UC86	UC87	UC88	UC89	UC90	UC91	UC92	UC93	UC94	UC95	UC96	UC97	UC98	UC99	UC100	UC101	UC102	UC103	UC104	UC105
SGCA	9.33628338786443	9.89618101138754	8.93604896367662	8.94178124227853	9.00197108750993	8.99067128397527	9.48139582415413	8.81794296832513	8.20725841036353	8.62461270900574	9.08507405303684	7.20847824221171	7.8008998999203	9.13378440917991	9.74919903006095	9.56928601101847	7.65248649491816	6.29370154208074	6.31952159724048	6.4966540825935	7.9393833159373	7.4757334309664	8.18784690943957	8.08001802908917	8.04001567884788	8.46025109894385	8.37025148142518	8.06069593168755	6.70735913208088	5.12928301694497	4.12101540096137	4.83289001416474	4.97269265400426	5.18189764310839	3.91647664443772	7.25361115194717	5.88752527074159	3.82781902461732	3.12928301694497	4.07895134139482	8.37199439319365	3.68929916053589	2.20163386116965	4.41953889151378	3.12928301694497	3.52356195605701	4.11270013274936	2.82781902461732	4.68929916053589	3.37851162325373	3.10433665981474	2.48542682717024	3.78659636189081	6.71836162613835	7.20945336562895	3.59693514238723	3.32192809488736	3.73335434061383	4.08746284125034	3.76022094646651	3.23266075679027	5.82273014794452	3	3.88752527074159	5.49505552836802	6.08214904135387	4.56071495447448	4.36457243229586	2.84799690655495	3.46379681076284	5.83541884047548	4.62643913669732	3.20163386116965	2.88752527074159	4.90689059560852	2.71149490665009	3.84799690655495	3.44625622988956	3.51096191927738	3.13750352374994	2.56071495447448	3.30742852519225	4.15380533607904	4.0703893278914	2.29278174922785	2.43295940727611	3.05311133645956	3.49825086752783	3.43295940727611	2.84799690655495	2.98185265328974	2.56071495447448	3.15380533607904	2.65535182861255	2.67807190511264	2.10433665981474	3.53605290024021	3.13750352374994	2.83794324189103	3.05311133645956	2.37851162325373	2.56071495447448	3.33628338786443	3.43295940727611	2.43295940727611	3.26303440583379	2.53605290024021	3.62058641045188	2.72246602447109	2.78659636189081	3.82781902461732	4.35755200461808	2.86789646399265	3.32192809488736	3	2.72246602447109	3.18586654531133	3.96347412397489	3.12101540096137	3.11270013274936	3.95419631038688	2.58496250072116	2.90689059560852	4.72246602447109	2.82781902461732	3.20163386116965	4.24412594328373	3.12101540096137	2.48542682717024
P2RX1	13.6134326594552	13.7511046563945	12.0692483534096	11.7794526206531	12.8041108491318	12.3999187425714	12.4570986742783	12.573268477676	12.1209668180097	11.7550962103072	13.2191231329495	10.3912435894274	10.250179965175	11.5859718462348	12.4966540825935	13.471256060759	11.1970938007346	11.2897019262342	10.5649751032296	11.64218710851	12.6502739095301	12.4803105691411	11.8829677720268	11.5594248927513	12.1149786038333	12.7933391296632	12.867471806962	12.5771455485818	10.6089016254144	9.78659636189081	11.4170613467603	10.8967864861801	12.0880925568734	10.5043224482919	10.5893702570618	11.4985251370421	9.05446865619548	6.90327934205614	7.20310325023664	7.34074028063018	11.4202760618854	8.98641093525204	6.88508622529017	7.87405920314115	6.13647851834917	6.94602898951548	8.59432460392485	8.15936680974374	9.46882765523095	7.67701485655572	7.85299758761332	6.6906964439777	9.74567432400213	12.0254164445442	10.3810021095509	8.12928301694497	7.39489136644259	7.56033283421244	10.3126560986063	8.578750063856	8.0948694327187	9.66338020236849	6.89360490485829	9.26115467261557	10.3259799793944	9.26502894245816	9.70026630687327	8.20065343636747	10.3233925884759	8.68626706237774	9.88554386051713	8.50620838930674	7.68229237143083	9.00758797231917	8.39403389536778	6.48300957716455	7.97842446544086	8.26959425168337	7.68580001974489	8.00393948568806	7.21431912080077	7.57061472176119	8.02347715183043	8.09803208296053	5.44294349584873	6.44625622988956	7.88264304936184	7.04220656012069	7.62570884306446	7.51924309436118	7.01122725542325	6.08533966935737	6.77676200178623	6.76088624278491	7.11478344724985	7.12825215227739	7.46107011403305	8.49745269597724	6.92243574023315	6.23457795978457	7.1261882105221	5.60584986719498	7.52473758701238	6.39574832817903	7.02236781302845	5.46923479366766	7.71355835640479	7.79571500650173	5.42961596420174	7.38887833881199	6.94251450533924	7.1261882105221	8.12928301694497	9.11217883372259	7.71149490665009	7.40343816300828	7.26491169307446	7.39489136644259	6.31288295528436	8.21383328309929	8.27658971572526	7.30742852519225	7.21237478756727	4.93545974780529	7.62131930101419	8.00618579994629	9.0008450815672	7.29920801838728	5.91169158187234
KIAA1644	10.595257481449	10.8929222236306	9.86897684545916	10.0760138770853	9.95623093654988	10.1503819688178	9.39424831092007	9.7515440590891	9.97742304090898	9.74668226189191	9.99038765180274	10.0262467726482	8.65928239338433	9.26854200030012	10.0155544364785	9.97541810405936	8.97871045910636	9.01792190799726	8.34636598432039	8.71458897559915	10.0284586474255	9.94982671075911	9.74458159603708	9.81458246590628	9.96852280446902	10.7895336449704	10.3858624006415	9.67595703294175	9.12179250576921	8.5438051759644	8.77346892790519	8.70113315484797	9.56567332962135	8.87835751033693	10.5005431540064	9.50114054326587	6.93428059364002	7.71149490665009	5.50143914515887	7.08640164588003	7.91169158187234	7.61176256006487	6.64673869830785	4.78659636189081	7.81442224656679	6.17592374206376	7.59544398458948	6.21334728173344	7.1548181090521	7.01346225980656	4.75488750216347	7.28169825009883	8.61875255353673	9.13724734066467	8.77610398807316	4.63807383718072	6.15785216914174	7.1106138055009	7.84674402324487	7.65391987311942	7.43712784427281	8.14465824283188	6.76022094646651	6.67666233485797	8.81538329581354	7.92570278135133	7.95361446119936	7.63734941083314	8.15987133677839	7.6646250548693	7.47897180503294	6.56529252058102	6.87159726561385	7.79116288855502	7.09908476089186	6.3931759143488	6.35402893805439	4.45285896471381	7.08746284125034	5.48542682717024	5.91647664443772	4.57893871309339	6.94953493301701	5.87528859822269	5.77873424411784	5.6724253419715	6.44294349584873	6.63662462054365	6.10433665981474	4.69766263347052	6.42122329922514	4.24031432933371	6.07681559705083	5.61765111942733	4.61470984411521	5.80477637795583	6.45779126025604	6.8592241619782	6.75555526197214	4.88752527074159	5.40599235967584	5.79960542245267	5.14567745519564	4.83289001416474	4.91169158187234	4.82781902461732	5.56985560833095	6.74146698640115	6.3327079336406	6.29278174922785	6.1106138055009	6.71424551766612	6.29645740737124	6.45285896471381	4.45285896471381	6.2364926183813	8.13852780142227	4.94485844580754	5.90929308582382	7.41278152533848	5.47411151394241	5.88752527074159	6.43629511983936	8.00674683244059	6.68229237143083	6.65963918701565	7.20261362014849	7.60880924267552	5.99322146736894
SVIL	13.7440138914468	13.9141047885251	12.9231788994938	13.6509395370186	13.5181859497349	13.3402117444801	12.4250322758813	12.8302378913282	12.7879943569189	12.1399669626425	12.7749929089332	12.5930409115894	11.7774197155158	12.5915690954906	12.8565811507648	13.2789865936887	13.0924433338336	12.5374004249368	12.417782206309	12.9958731236047	13.3128167919655	13.2323759546846	13.1101325441642	13.5420645422834	13.2119947289133	13.3708508448726	13.4668794350287	13.4619909505856	11.5828476285503	12.4335072017708	12.4054606081528	12.0448380623047	13.2697403370284	12.7362750768222	13.3053920369306	11.32342073725	11.1461867914907	11.5602372883307	10.5643400579856	10.665691217037	12.2368812231085	11.1858665453113	10.1641527077646	11.103550092758	9.65865779212609	10.1015161407524	11.1880324292805	10.6624013498745	11.8764402054261	10.9474908348537	10.501638178758	9.92733353171248	11.7453802094208	13.04338620335	11.7163907894977	10.0292872269682	10.4880409522888	10.5286982835742	12.2635332985615	11.956829877743	10.4346282276367	13.1775596893785	9.19549524650911	10.525716548196	11.5176201821432	10.5183580958419	10.9149830165572	10.5741204350097	10.7008731551403	10.9562067319207	10.7558055922381	10.8232079933944	10.1769211116444	11.5718948206343	9.95855271543101	9.1893304006149	9.62131930101419	9.93957921431469	9.33158878453407	9.33940465790782	9.57723998124696	10.481193978048	9.28909670241999	9.98569965236977	9.3654475885501	8.76686014382955	9.17492568250068	8.61765111942733	9.14261765544658	8.01402047031493	8.54032180596415	9.13057056280543	9.3562318626554	9.34928122881745	9.04794184374751	9.16037568743582	9.27868175755934	9.65374077870657	8.89147994597097	9.07654840656189	9.42940674151398	9.18040648531064	9.17030065436486	9.13622215317019	8.84046323386954	8.99604972751976	9.1093083171837	9.85003052418976	7.83541884047548	9.65785433581572	9.87205919903182	10.0016896684042	10.4276271225462	10.5964693211178	9.37503943134693	7.57061472176119	9.08081752760833	10.0081484599101	10.7948219733312	10.4739086460463	10.3654475885501	9.83399692113922	8.72417275014144	10.270762520466	9.6398833131998	9.78871833269046	11.2508017335418	10.5636729598275	10.3067452691809
LMO3	12.8088033303859	12.5337190711399	12.3973270181388	13.2473193415164	13.2164730539301	12.6645139509855	12.0931534312783	11.6228754583742	12.3006528521889	11.6780278768822	11.91288933623	11.6422773785039	11.1029598859101	11.6048080178419	11.4018928083188	11.2777523356938	11.4945556167095	11.8883056563546	10.997555868662	11.1067592121329	12.6313968696142	12.4014128787142	12.2177456993902	11.7077904955288	12.8057035728446	12.6994206283221	12.5903297369982	12.7112797941442	11.180779419277	10.1479680537836	11.4849235673051	11.5176201821432	12.0412484589246	12.0278714488612	12.0199728946302	9.36150519794804	9.28978836605652	9.21018427590764	7.39746072605472	8.67736729213605	10.0691812091543	9.87467403163581	3.76553474636298	8.67171796512923	6.53216108498321	7.1048607997082	9.66213427479907	8.68825030913318	10.0563667610245	8.51254295509686	10.4727923624152	6.16390121381454	10.3808939168897	12.3058907438697	10.1367348379805	7.58646452588639	7.34695688937888	8.02181282358484	10.7383456381372	9.97376910470276	8.99237190701017	10.8372337003391	7.87282875953489	9.18065511866599	11.0218128235848	8.34429590791582	8.95332344858296	8.82591279878497	9.82017896241519	8.96395571269965	8.79992915072529	9.06069593168755	8.39746072605472	11.5172264737892	5.46923479366766	6.9407540474748	7.40599235967584	8.13699111208023	8.06447332875342	6.89360490485829	6.64817779572482	8.68860001099912	8.32867492732795	9.41362792902417	7.231701199029	7.06931549454008	6.83668159332712	5.76553474636298	9.53021123329988	7.45409362036545	8.18834157601082	7.04766925139131	6.59021276140836	7.38801728534513	6.53138146051631	7.53683000504806	7.76884595975339	8.55036201540073	7.30423722501714	7.06931549454008	7.55535603863583	7.12722055048807	8.04193288184217	9.16465556417991	6.90327934205614	7.39403389536778	8.50581155391959	8.8638765202211	6.52199295640167	7.6006563078263	7.79506558265962	6.27239650903748	8.50977500432694	9.14465824283188	8.20163386116965	7.85611423397746	7.43295940727611	6.59544398458948	7.51491126486135	8.21480479494805	7.55612281784117	8.66640155434373	7.91288933622996	6.03121873061072	7.08427691053149	7.40173284952262	9.95543196130228	9.0703893278914	6.92837032301897
SMTN	14.5573021432568	14.6052190593914	14.1139049157861	13.101327362724	13.7634509977246	13.6147098441152	14.5094038930604	13.6972825381972	13.10947972989	13.2902924951575	14.0005986505741	12.6297208910173	13.0473113957425	13.7772090742252	13.601956451498	14.4550638838763	12.4930047888033	12.6300736908002	11.7251247941959	12.8114549748066	13.0739351257109	13.4950055449966	13.4783335604244	13.5513958521226	13.4446008137115	13.9348242297497	13.9056220443697	13.728186256845	11.9527412471865	10.495555266861	12.0710600680778	12.3696518688705	12.9169057764116	11.6887311273482	11.6675551070411	12.3185569315506	10.8205778826558	9.53624721568813	10.2151689432923	9.8325735989774	13.6899106385679	10.7517114153959	7.5894638929561	9.45738087907253	9.76826704574486	9.51412226017071	10.1039434298916	9.04903169841002	12.1098632940689	9.75680647916562	9.90809234081827	7.18289089274548	11.8568534491218	13.2232777325382	11.596888567028	8.75254790584714	8.86943961853158	9.11374216604919	11.4272080694488	11.8670663358861	9.48119397804804	12.5942546137873	8.29324171895624	10.1800334549166	11.9094806119885	11.1284132734445	11.3440184398813	10.8321779823789	11.793725222019	10.2265727505135	11.6198531473912	11.103353383969	8.32777717058405	9.83668159332712	9.39403389536778	9.3409627642517	9.43941536121329	10.5878712556506	9.66923941125265	10.2076244682268	8.66817586897014	8.78920757534734	9.69435788722145	9.62314990022045	8.95739229305525	9.578750063856	9.59152234657073	9.28655776160796	9.70891143725402	9.34418492710566	8.65749710044411	8.72178276845979	8.81137469350994	9.6998326874895	9.83114887121932	8.63952159951083	9.16867211813223	10.0571794706738	8.3983161634002	7.77939105953591	8.43796008833447	8.95041008927126	9.07132827686101	9.2128611165929	9.06474276475026	9.50342824659197	8.53683000504806	8.76221591572778	7.65176927141799	8.41827429388054	9.5127404628035	8.76818432477693	9.56262403909987	10.5306014145168	9.55899461569918	8.40514146313634	9.84862294042934	10.5493996412466	9.51884982870769	8.95026426675727	9.07414146275251	8.70873904135958	9.35469016870116	9.04111153536915	8.46964181723952	9.2592724870376	10.7318705442875	8.87682387030637	7.67454539384587
HAND2-AS1	9.86108690599539	8.90086680798075	8.86635165707678	8.48442013182489	8.56605403817109	8.87988952178056	10.117902789094	7.93132848489379	7.92748169038177	7.25171909260596	6.24412594328373	7.78267065867701	2.29278174922785	9.04494049127973	8.2045711442492	8.81025028602818	6.01569380710515	6.77280941016073	7.10083751937407	4.34340782229781	8.68369645430652	9.00954872697226	8.66444728454797	8.69835740595729	8.54496443278924	9.02403150151675	9.65194861072345	9.60473853445992	8.10118781525974	7.39489136644259	7.31831684133498	8.36150519794804	7.72451385311995	8.27146302790437	5.41616416473313	7.92777796208234	3.08746284125034	3.49825086752783	3.64961545906341	3.51096191927738	7.33181268381921	2.48542682717024	2.58496250072116	2.67807190511264	2.05311133645956	1.65535182861255	3.97269265400426	2.29278174922785	6.47897180503294	3.4262647547021	2.56071495447448	2.35049724708413	7.25927248703759	7.03562390973072	6.02014657311178	2.76553474636298	2.96347412397489	3.78135971352466	2.43295940727611	3.13750352374994	3.26303440583379	5.38887833881199	3.20163386116965	4.8972404255748	7.86170728658586	6.59991284218713	6.467605550083	6.91408609701272	7.55842071326866	2.48542682717024	2.88752527074159	2.48542682717024	2.23266075679027	5.60584986719498	4.70043971814109	2.08746284125034	2.32192809488736	2.90689059560852	2.10433665981474	2.16992500144231	1.84799690655495	1.8073549220576	3.4594316186373	4.81249822533356	1.67807190511264	1.76553474636298	2.13750352374994	2.16992500144231	2.16992500144231	2.29278174922785	3.37851162325373	2.32192809488736	2.60880924267552	1.84799690655495	2.20163386116965	1.53605290024021	2.43295940727611	2.70043971814109	1.88752527074159	2.84799690655495	3.27798474729977	2.16992500144231	2.54843662469604	1.96347412397489	1.88752527074159	2.16992500144231	1.72246602447109	2.90689059560852	2.37851162325373	2	2.58496250072116	2.0703893278914	1.92599941855622	4.78659636189081	2.26303440583379	2.32192809488736	2.0703893278914	2.35049724708413	2.16992500144231	2.85798099512757	3.38543103719352	2.16992500144231	2.82781902461732	2.82781902461732	2.53605290024021	3.05311133645956	4.19770815795585	3.15380533607904	2.0703893278914
PKIG	11.923476056043	12.1598713367784	12.6599290168824	12.6061044270867	12.6264619524177	11.8622886512051	12.7980059484411	11.7629633185574	11.9598570758964	11.7339050765154	11.972154127312	11.808722901394	11.9919115195124	12.4547362519545	13.2961705835685	13.6242471458362	12.577523242161	12.2556335012472	12.2571717366626	12.1152712892188	12.5961897561444	12.1845654524462	11.6636248117552	12.6263706873711	12.1023366277343	12.6534720953943	12.4835386967922	11.5407576874441	11.6696380375617	11.6815458962214	11.4218018604699	11.3510496440128	12.6630688213363	11.8311488712193	11.652083100574	11.9087678828492	10.3192205025239	9.43003431857349	9.64493780550018	10.9050860987618	11.9716153995244	10.5796930634588	8.43920755494128	9.76138501376339	8.50937914891469	8.47735352663456	11.0522963312364	10.5940446229994	10.8333645068646	9.76113564982865	10.5530532527664	9.17067620949932	11.067636028167	11.1055157069058	11.4836142694714	10.1437658409755	9.54090295201063	9.71226904620469	11.5966090832919	10.5897915707357	9.64295422348033	10.185742682247	9.93428059364002	10.6960112066085	10.8324944843361	11.089649094572	11.5724633890837	11.106039418697	11.1066937912037	10.6393407086522	10.3968188150137	10.6359901302066	9.4708621994137	11.8022336144228	10.7368246990989	8.79425339154382	9.41869594960205	10.1692986957928	10.621227710052	9.39210272004142	8.6387978999517	9.49385544924082	9.59413795601193	10.0860034962871	9.25006150271721	8.83731255552431	9.17617314910749	8.38499954473004	8.36981542428391	9.31469652565629	9.06069593168755	8.26725487215199	9.38413617244761	9.52346394355377	9.63952159951083	9.5870273824021	8.81025028602818	9.82161455934585	9.40087943628218	9.19869058566892	9.84109254469343	9.34695688937888	9.02278391504765	8.86449570265158	9.26702072542732	9.24626555896271	8.86573327085176	9.04248018649247	10.4091787595007	9.94485844580754	10.0817497162489	9.54573675349338	9.578750063856	10.5357613779867	8.93191939010004	9.97341037703826	10.3929613393442	9.53274552697658	9.30697305714083	8.93531240622921	8.97513145692134	9.04821438460804	9.34207466799914	9.2240016741981	8.89178370321831	9.3562318626554	10.4170085867888	9.6487170873793	9.27052894238072
CSRP1	15.4757302649362	15.355158357114	14.8623758356955	14.5749157326653	15.1683273843885	14.6475258825637	14.9765462238621	14.705518997442	14.7910102251055	14.7303374523895	14.8011879653902	14.2933926145745	14.9022337777197	14.9897204531993	16.1575719441324	16.4509293079363	14.1818898806529	14.3976211591982	14.0084373762615	14.6895066553474	14.977652595286	14.7436668508589	14.6265161383076	15.5841697869207	14.4983942421871	14.6631466728952	14.6660020326449	14.7102952451859	14.696223173022	13.1399829452611	13.8740399855281	14.3770206896039	15.2985960313323	13.6032438317463	13.9024033801778	14.1191721513874	13.2705289423807	11.8209368165853	10.9245156222299	12.7212701140129	14.4338722825799	12.1402865813776	10.4693365603267	11.5555477716471	10.8933773803409	12.0573825765716	12.3603533017646	12.1025334751955	14.3881518588298	11.6581222043062	12.3914047153931	10.7304701371842	13.4168239116925	15.0754122946007	14.3385831925352	11.4326984796306	10.5020361635994	11.6430895543787	14.2523771602777	14.3469638126147	11.34966825491	15.4301584941775	10.1764225130422	12.5253984586696	13.7442241784543	13.2498023321738	13.4371148366492	11.8511634132201	13.186269026843	12.5073652028497	13.183759425585	12.1660689088779	11.456970381121	12.5922701475676	11.8371154094793	10.720287016843	11.8500305241898	12.0196949655633	11.609963601937	11.3027531469016	11.1208210593377	10.6569610814742	11.9196827175811	11.0890531721564	10.8020316157049	10.6240643295094	10.4933551214949	11.6359901302066	10.3789450602529	11.4537079039658	10.5085871120895	10.6055721142583	11.3526228158618	11.4699215793483	11.2896731118091	11.2303207156611	10.8704417845678	11.9883296492311	10.316111792933	10.8472139820006	10.803485375596	11.5597594639826	11.1031566483555	11.2801907922169	10.5357613779867	10.8961810113875	10.2894425756883	10.9255544398736	11.3106695795588	10.0798847362503	10.1458048061284	10.8054214461718	11.7800885984268	12.8934911470849	10.3892011014162	10.7771731080042	10.5148126628697	11.8126185518637	11.4773029261737	11.2115537354061	11.1002352485736	10.7890445128955	11.1211449475013	10.6869381716704	11.0917659385168	10.8752117917148	12.7815748721663	11.6077926419192	10.8275014951694
PPP1R12B	13.3601749499062	13.4126624599852	13.0196254749298	12.5091688065398	13.0553163330128	12.0697853949833	12.0951662258753	12.4434357108272	12.5846572106823	12.5560988621587	12.4469540392796	12.2447503257111	12.2385540170986	11.7272397774848	12.7344767721309	13.236223523008	12.5956770796154	12.3273982618384	12.2210029976002	12.2086001686889	13.0384503573457	13.1071680257421	12.6447125357527	12.8196602011408	12.871809003457	13.1300234962119	13.308026108874	12.7536555091603	12.357689449961	12.1371832877847	11.6067290655472	12.1425219320586	13.0465272111521	11.176609507712	11.5260590277325	11.2944484422201	9.82225214417156	9.1357092861044	9.42867422307179	10.1639012138145	11.5170788054521	10.5615743551927	8.40087943628218	9.66604642940879	8.52277766952458	8.50203616359938	10.3577719108819	9.84345001845874	11.8663516570768	9.714674827308	10.4032251090256	7.93722667397948	11.3353345217621	12.8530950847947	11.8496787569781	10.0537901559521	8.43712784427281	9.26385601959608	11.5578465824496	12.0495933331794	9.60436789989375	12.6593492989119	8.30423722501714	10.1541852092653	11.2658494214408	10.7467662249381	10.8893518525946	10.2982917306201	11.1691107510666	10.4756321145549	10.5262057797924	10.1522848423066	9.3151495622563	11.226171322091	8.52552080909507	8.20506011054465	8.58833986092348	9.28632672709055	8.24365004189697	9.10747864662662	7.66604642940879	8.63117705570398	8.34251918966061	8.88233736124948	9.21601826548884	8.65105169117893	8.67383905599044	9.42353615338948	9.40365118553224	8.2223119115543	7.72178276845979	8.67136414660119	9.11243950678155	9.29530976985874	9.12722055048807	8.8838651545098	9.41066334107765	10.2028584559642	8.54419169841571	7.99774402605963	9.14363830992204	9.2728630232019	8.11790278909403	8.86046625851717	8.00786824333334	8.40173284952262	8.67136414660119	9.81842240174108	8.21674585819531	9.41531924814038	8.77379857375169	8.71390197794766	9.25006150271721	10.2639733548034	8.77676200178623	9.3983161634002	8.83731255552431	8.18487534290828	8.04494049127973	8.46270675067016	8.38392024862158	8.81025028602818	8.87344411251538	8.67207169690516	8.71321465299855	8.65570959551851	11.0163904583529	9.52630360620646	7.78528898070402
FAM129A	13.4749733843911	13.5096884202363	12.772025841049	13.5569430599346	12.9361778225768	13.1307475105335	12.4916777581529	12.6596168899986	12.8953291323078	12.8373914063997	12.8566395047395	12.9576643508058	11.8550241734489	12.5201643908923	13.0726015880934	13.1988286859277	13.1757210670881	12.8808844575263	12.6933998356031	13.3548829705664	13.7525409367486	13.6905218575382	13.1166038828742	13.7571712131991	13.5673381883244	13.677422352419	13.7848699595187	13.3184721983897	12.907904634103	12.2242127554381	12.2675475021282	12.7575983558239	13.4518035256475	12.8785107847106	13.80797872058	11.2781299855431	11.0711271249483	10.4110872267986	8.87452034907472	10.0690469112682	12.1013191544233	10.2482833975981	10.9800681553247	10.0893180569531	9.21795769786411	8.73131903102506	10.977208359471	10.2521923401224	12.4048754550152	10.1486672341233	10.2881739681123	9.3449616135529	11.398690257799	13.1031730440147	12.6999844690993	10.2552646707997	9.194264382992	10.1104180575472	12.7512302136781	12.2020778968991	9.99336301213637	12.653427309977	9.69435788722145	10.264794434161	11.7931562077404	10.3242368128788	11.1382718001722	10.2101842759076	11.1051227982635	10.6376211133433	11.1560198542619	10.4782640315817	8.87590290312484	10.4672998619706	9.36347773989878	9.17841587438304	8.58383495471543	9.82781902461732	8.12360412414095	9.2128611165929	10.1858665453113	8.11165734626313	9.32755264408124	8.90779199835005	8.25550073314839	6.72383156649532	8.80509894811724	7.59842476052772	8.79051141189419	8.30947635384111	7.18685706717715	8.24697805961472	7.75288236627309	8.7769264583314	7.94895120044142	7.4708621994137	7.43546191447928	8.91975719271426	7.11997860965488	7.52591226074335	8.04111153536915	7.56529252058102	8.96159439075666	9.0948694327187	7.93132848489379	9.24269776790801	7.91288933622996	9.30355245558372	7.55151601762801	9.15608307628868	7.92837032301897	7.05419729438881	8.60102789702112	10.1525383692453	6.68088692071969	8.31650781910311	9.66177809777199	9.24031432933371	9.81008958482602	11.1049263038078	10.0343863120408	9.68457331268207	7.85486838326024	10.2134687974245	8.54303182025524	9.52140414133022	11.4531677276986	9.58927661508981	9.61010206299966
ACTC1	15.349951547479	15.2774290760569	14.7721547467932	14.3825362194294	14.8214401706762	14.8215049460714	15.1063421028741	14.4830914774195	14.3508390676302	14.7330841913536	14.5168449663355	13.9676315545285	12.6546136540517	14.7566475304907	16.1052108027276	16.4500384456514	14.1097490515728	13.3793919058125	13.8569020684207	14.3509046602911	14.077305318074	14.4171009154728	14.4567747120884	14.773520440034	14.3580123949834	14.3953266059381	14.4529425945473	14.2086611280636	14.8853531968139	13.4545049375574	13.279567055807	13.2882172344693	14.8825618572742	12.9198130465412	15.2524732574021	13.8075913935629	12.663246761584	9.38284014447524	10.180779419277	10.5887146355823	14.3110032220661	12.5912652004302	7.87282875953489	10.8491704973143	8.38219169362566	7.71321465299855	10.1549446556985	10.3624918060461	12.6079082008156	10.1567783357904	8.38499954473004	6.89602960297675	12.7163907894977	14.8740784204982	14.3316797478095	9.90583824675904	7.07895134139482	10.0222984510226	12.6064283474552	10.782670658677	9.5480512380126	12.9968265280207	8.65963918701565	11.4309229190144	13.4526273491019	12.5762481298433	12.8058244673887	10.3064035197915	13.0121181799732	11.6992832489639	12.6718506247092	11.9151698046307	7.3110671022556	12.4365814230804	8.0837452373945	7.24697805961472	9.51943968699498	11.3592554020572	8.52160043972373	9.79181407116183	7.57742882803575	7.41023933077602	8.50541460934675	10.0600203545079	7.3371758685863	7.51727569320958	7.03121873061072	7.52277766952458	9.25455625190949	8.03424873562899	7.13134253912326	8.28169825009883	7.65749710044411	9.18425549540535	8.3780780559955	6.24412594328373	8.40173284952262	10.5339137011626	7.33181268381921	6.94953493301701	7.59021276140836	8.20408201217437	8.29186136958522	7.97211821838414	7.39574832817903	7.59618975614441	6.31288295528436	10.5264992391366	7.5274770060604	8.03066713624694	8.07414146275251	8.30970371103028	10.8150630171929	10.8238448745617	7.28909670241999	8.73809225962049	7.80477637795583	7.90628934740607	7.6409679104499	7.46923479366766	7.58007009078113	7.72246602447109	7.78659636189081	7.92718535782637	8.96116025813664	9.07387377650238	12.0329238914027	8.31786479839195	8.07360604057494
KANK2	13.8734056606426	14.0534168447575	13.5390739727157	13.3562800140551	13.8068617291103	13.5495440383016	13.0257278735882	13.1245413903497	13.3500137262075	12.9766357194075	13.321054323577	12.5255942143701	12.7243859489538	12.9914244112688	12.9071159990995	13.1368789977631	12.8861919286937	12.5731264358609	12.3819033995763	12.375419609612	13.1656293499938	12.9799253000873	12.9535780878324	13.2873660911834	13.1407818505227	13.5312108614894	13.2667572649303	12.972100263585	12.7441400673295	12.5228757286608	11.8534655140051	12.3264575767056	13.4176020252523	11.7670671272363	13.397340389488	11.8915558912789	10.9119911136996	9.06904691126817	9.69731512171625	11.1987519651937	12.1473957449995	11.9595673199121	9.063664718714	9.46311561989236	8.93634348139549	8.95405087008826	11.2620948453702	10.134939643493	12.0842104621036	10.0382331347318	11.2323009974166	8.7431513941125	11.9329897892943	13.0489295595028	12.0833795984213	9.87912371941591	9.13801575348757	10.2839564876651	11.8831778477521	11.9920000669804	9.59730769114099	12.9149082945559	8.47208155013361	10.8661970853682	11.3793783670713	11.1229573786956	11.4461528220093	11.3750937486618	11.4800328145839	11.3724660698466	11.2914009594837	10.3921027200414	10.9153565685235	12.2263218709898	9.88904758283903	9.04657836662033	9.62607403609031	9.78675970126725	10.0463055164936	9.07841770164733	9.01094763626531	8.94046042886366	10.3986368216807	10.3194463294071	9.60899400223791	9.22689381357139	8.91438513215544	9.22593041117105	9.55803798477699	8.84156434773057	9.15304528950378	9.96650545190574	9.39671180206695	9.38294819128606	9.37330019660839	10.1391676058768	9.11504365016171	9.88172579064223	8.35380846047454	8.43546191447928	9.9614496943982	9.51983279191318	9.88034880815603	10.062855655206	8.50342824659197	9.07119417870217	9.31673407097229	10.6545465285409	8.91647664443772	9.40960308157458	10.6815019738845	10.1400628556982	10.3543595912605	10.6583007556729	8.75522142070237	9.33829069364826	9.82432235099862	9.73369327989434	10.9145346264865	8.85190516879469	8.22929950871093	10.1171235857044	9.40279890664708	8.22351908679073	10.1336559926912	9.26584942144085	11.2502984179063	9.65087224033712	9.93781516880342
REEP1	12.1378557012302	12.5389164024641	11.360298426618	11.7246417459476	11.536635768085	10.9893235342508	11.2227949028681	10.9600019320681	11.3208287482745	11.8498351085501	10.6443069615456	10.3944626946103	8.55420510515565	10.969530423895	11.5895107086244	11.3333230957955	11.4199601778479	11.0206327616577	11.0565925594064	12.0818162781092	11.8136743208259	11.6879879770948	11.2516895094811	11.4539393461803	11.3601337886536	12.0524321974173	11.5950243186136	11.8693239391793	10.9610155182277	10.5488219084588	10.8739054550682	10.9268148565169	11.6007492140981	10.7321674256634	11.5547327303116	9.38543103719352	9.211888294546	8.2240016741981	7.50143914515887	8.13801575348757	9.7476894960782	8.89905475619441	7.43462822763672	9.71321465299855	7.30012372456901	8.19697089788995	9.12075627297847	8.05256805080415	10.3372873898665	8.18040648531064	9.23385930719641	7.4068427546553	9.61213130001343	11.9064772643877	10.281350514981	8.03617361255349	8.66391384211598	7.72860081064319	10.46628043355	10.362053396853	8.20065343636747	11.5830357427782	7.97384083953315	9.63897885887835	10.5757283163638	8.60399717008549	8.78168756150718	8.06447332875342	9.3271034862193	8.57478272083875	8.65785433581572	8.74247786700368	8.148222340387	10.0438475404389	8.96347412397489	6.97899639608894	7.55535603863583	7.34074028063018	6.65248649491816	7.3327079336406	7.43462822763672	7.17292748960384	8.28262513419167	8.90779199835005	7.53683000504806	6.50937914891469	6.61323695471633	7.53294028837287	7.23553560671046	7.34695688937888	6.14159627838382	6.88752527074159	7.54264498688628	7.59544398458948	4.99095486039699	5.83289001416474	6.64385618977472	8.00337736020232	6.41700858678878	6.67101024127845	7.06069593168755	7.42710328715284	6.0574502721839	6.78920757534734	5.94251450533924	6.50462039240355	6.71287086768991	8.25785923463963	6.96000193206808	7.24412594328373	7.97842446544086	7.23935985027747	6.71287086768991	8.04384754043891	6.54225804976692	6.39231742277876	8.27798474729977	6.90809234081827	7.87221314397577	9.22653261305853	7.75755668893945	7.45368218587218	7.73876783680019	8.16339809435316	7.63952159951083	8.02735313393009	9.47988128955632	9.67877617412388	7.26115467261557
PPP1R12A	12.6383001458356	12.9594767592311	11.8993191555429	12.6110593883658	12.4462045268759	12.0751782780947	11.4232209824345	11.7057619649291	11.5645782325921	11.3908675588448	11.6095943074568	11.4687258526665	10.7193032493035	11.9616667334941	11.6655135780488	11.5742150658871	12.5021853796145	11.9164206612902	11.9668899272048	12.871578015178	12.6404859679649	12.5867694337574	11.8353793616341	12.3541116084608	12.4742129371939	12.4900736774015	12.1702693536903	12.289327293812	10.7108064336994	11.2985208571259	11.5905402691617	11.3162815317462	11.6564695557404	12.2075939669521	12.7105696952216	9.990883971517	10.3509391815464	9.55573947918052	8.1261882105221	10.025831668332	10.6487170873793	9.6387978999517	9.82607174717283	10.2423405030481	8.31876874268273	9.2309811116465	10.7617174319771	10.5186531556734	10.699398937737	10.0864679934641	9.94865924556015	10.6894738949927	10.9804252315438	12.1736459088001	11.3053777856275	10.4290928505803	9.79360330927941	10.1113965318286	11.648447466751	11.1752064565475	10.417430612546	11.8273427042341	10.5267926388002	9.96116025813664	11.0020414337099	9.18673328912887	9.79132571176391	9.02486262686334	9.95855271543101	10.28362858747	10.2392404959824	9.26725487215199	9.04957631715597	11.2131042196419	9.36150519794804	9.71080643369935	9.38413617244761	9.86186234005915	9.38219169362566	9.22376040067285	8.39317591434881	9.50203616359938	8.4667902378031	8.19869058566892	9.05528243550119	8.82845387393048	8.94836723158468	8.15987133677839	8.57780644747015	8.83114887121932	8.82718389581953	8.94515117078387	9.65069276717138	9.51264171233008	9.06474276475026	9.88447581908648	8.51884982870769	8.81121411751324	9.17417668445276	9.0047822634596	10.0352114951181	9.79539033112264	8.75872290706246	8.27379559921426	9.16138386011199	9.35974956032233	8.77280941016073	9.21480479494805	9.2460279805281	9.17816685478444	8.24697805961472	8.43462822763673	8.56909609526214	9.09196423348528	9.29347164883813	8.86974805146506	9.20750245925879	9.70147974825286	10.1630206395808	9.42553063879295	9.82710448505628	8.63154086734149	8.99661471481536	9.52238536631593	10.2010211737519	9.91945926911157	10.6668897084403	9.98527271425345	10.1529185761366
LPP	14.2101614405657	14.1699484826158	13.9303585064726	13.6733145971947	14.1488419762761	13.7016530137357	13.2400459459191	13.4682294622675	13.8325192081276	13.4086349143929	13.1414845213853	13.4532320450038	12.8658492384609	13.7355401584096	14.4973217037798	14.5297538553556	13.2557367568775	13.2056176354813	13.3031147933035	13.8891997257383	14.2094533656289	14.0117601293685	13.5797578720423	14.2215795694494	13.6139160514958	13.8771690814843	13.8106921220572	13.4803863111041	13.8558028721459	13.3097037110303	12.8818978210806	12.9167751845404	13.5925738310379	13.3329596225907	13.7304382939464	12.1641212734183	12.2301405551879	10.6280809469988	10.486231677981	11.9257769463708	12.635876798991	12.0673671320214	11.1611948813922	11.2239413595995	10.1150436501617	10.181027988375	12.6206780421354	11.7583065088026	13.2828567621991	11.4762399063239	10.9462483607682	11.1030254763737	12.3339938827614	13.4979017218093	13.3478843070556	11.9917344082705	10.2114016374185	11.2558252558219	13.027681421674	12.7801398747427	12.0940116871339	13.9605359635343	10.1680452682241	12.0628893752457	12.3554336911048	11.6831042734777	12.2456715395032	11.5646734914262	12.3040945915192	12.3364507700602	12.0487933630437	11.6363980488838	10.6870256846388	13.6309268819738	12.120237877342	10.7603041252864	10.7959584650945	11.5893702570618	9.99661471481536	10.6046458847446	9.96837880137054	10.8749045247862	10.7251105893406	10.5020361635994	11.1961102846908	11.199181548764	10.8818787076004	11.2235190867907	11.0668964431362	10.9687027881314	11.180344320276	11.5351781566982	10.9007913512459	11.05192263325	10.5009414409966	11.0182697381315	10.6284455401372	11.8430181032225	11.3052067590087	10.8909482168463	11.5356641908102	11.7935626694101	9.95826269732954	10.1723024863272	10.8961810113875	11.0665601427452	10.8961810113875	11.3017248131656	10.2801907922169	10.8141818841903	10.9380357924879	10.1228279948077	10.9261477142896	11.2753679555612	10.7148465154007	10.2362534249727	10.5326481364179	10.3282261187877	10.8241632097442	10.6805353440052	10.7866371984687	10.5771455485818	10.4269984972461	10.211279947482	11.4716244143765	11.1443395912478	12.4343415364824	11.4904497938795	10.6142497276894
PARVA	11.8679736609342	12.1139374635304	11.4030652978883	11.9087866433909	11.9424411958018	11.2261110981324	10.9847744600468	10.6479080742818	11.4292759619245	11.2651461823136	11.8888573816495	10.5587076930211	11.0330788061306	11.0959244199985	12.1579153109253	12.1125046676876	10.6786881592966	10.5835529304665	10.5070347789454	10.6536512231622	11.5285680630558	11.3562868926953	10.9885781846836	11.3362275894834	11.0926250199398	11.9963675600984	11.4528074977912	11.0955948193389	11.131406851841	10.0193127256514	10.2095752097269	10.3892011014162	11.3548003443506	10.7379233158834	11.4531677276986	10.3738982950755	9.17192735435346	8.83888875478618	8.70580515486547	10.5255208090951	9.72740997686457	10.0796181136214	9.86820522697744	8.55382125653269	8.32732808262995	7.89390821507509	10.240791332162	9.14567745519564	9.89041629167178	9.13057056280543	10.1515239940649	8.29001884693262	10.3485068650151	11.3681244568798	10.6171919402513	8.86573327085176	8.39016895620018	8.82273014794452	10.2916311829009	10.2792623423154	8.83731255552431	11.1108747614645	7.86046625851717	9.6646250548693	9.61856903957084	9.40258575823259	9.65999589242998	10.3728650601126	9.77791280411336	9.9876429959439	9.60436789989375	8.63154086734149	9.03424873562899	10.0081484599101	10.1780423288648	9.70891143725402	8.58383495471543	8.31424334674856	9.0930213465869	9.26303440583379	8.28169825009883	8.75888943272096	9.3533674042067	9.11452319739961	8.32327998788732	8.77346892790519	7.77280941016073	8.57705110973515	8.0639343057541	7.75688985507462	8.67701485655572	8.10223819393074	8.07092594498551	8.83478704933734	8.36018867006271	8.81570350334807	8.86263735755879	9.3566720442121	8.33002051583608	8.45573818599339	8.86635165707678	8.76055363297574	8.1269625347419	8.53138146051631	7.46107011403305	8.29278174922785	7.80477637795583	9.38089391688967	8.70251902915328	8.26397335480341	8.88569637333939	8.38586240064146	9.16641418264516	9.52708597880746	7.91408609701272	8.27146302790437	8.58571370877817	8.27798474729977	8.62570884306447	8.12049709844425	8.07253459972295	8.15987133677839	8.97699364608239	8.55036201540073	8.59507095419544	8.34163000932991	9.78888143201129	9.35974956032233	8.24697805961472
FNBP1	12.9292954003433	13.0697182757183	12.5761772572146	12.723052939186	12.615537684067	12.5686686933805	11.4632689159813	12.1382077927612	12.0608985431675	12.2414171591279	12.3853231761759	11.9328790951645	11.6645361724468	11.5141222601707	13.0204938673627	11.9110923315871	12.1058757791836	11.0671318067745	11.5753028750734	11.7978641373337	12.0311727725828	12.410239330776	12.3570295928615	12.3359206598059	12.5681936538501	12.8128190737817	12.7440769807675	11.9761344728317	11.5945578798637	11.3756911041914	11.363258701708	11.5423064225826	12.1010893030399	11.1287032462079	12.1281554709392	10.7659076374886	9.70701394843505	9.58552594343126	8.66266837551754	9.69505425264629	11.4888945437413	10.1489849313875	9.94749083485373	9.81506301719287	8.98669535024378	8.60381176945029	9.89860138740394	9.44294349584873	11.3058337575153	9.68053534400517	9.95332344858296	7.99095486039699	11.2764734021814	12.0942096736909	10.9657842846621	9.19795382761006	8.02901108665907	9.92087385860831	11.1560198542619	11.2844481988419	9.38866312361939	12.2786236862312	9.93707951275725	10.0687782779854	10.9263701293121	9.92109708810679	10.9180432912219	9.92496092138698	10.715018183064	10.4842858530242	10.7328457823426	10.0556891530834	9.79376585730965	11.1821460196332	9.6560672737256	9.20933151123968	9.03672310600552	9.84203599652491	9.04248018649247	9.41235813720898	10.0942096736909	9.02928722696825	9.99081307915361	9.63553675191785	8.74416109557041	8.14974711950468	8.06069593168755	8.67630972700068	9.70856662486211	7.50937914891469	8.00898878322725	6.97613447283165	8.78053976747196	9.36894291440495	9.14669594803066	8.76586620990054	9.16037568743582	9.08666701791074	9.16829604087219	8.82081718186417	9.66959375118833	9.60121365573391	8.59376458772804	8.70839418775667	7.45450493755737	8.57818396809009	8.68088692071969	9.38154295118458	8.83225711437793	9.9086928382425	9.93663793900257	9.42689369972734	9.15734693536284	10.0826813029504	8.75955534320631	9.56947590177766	8.09592441999854	7.93073733756289	8.47856740557945	8.95768248616512	9.06582000582393	8.15228484230658	8.4590217038623	9.32957212576538	8.97326686099329	10.1189410727235	10.719132090798	9.49445561358736	8.19574129324645
ADAMTSL3	9.46903123881146	9.5461227588578	10.1220514477139	8.56491161099706	9.28378290252352	10.0131830735375	9.54882190845875	8.74584236256046	9.14134082109393	8.98925256516599	8.61507783162923	8.60177078840771	8.68615031598089	8.48683502156305	7.84360704649056	7.62935662007961	9.4155305236831	9.1286388128526	8.78550695996895	9.1009251010569	9.06546101492188	9.65749710044411	9.62397291265795	8.7176764230664	9.53741255908016	9.53741255908016	9.61452581515382	9.64042571374791	8.23266075679028	8.55803798477699	8.53021123329988	9.0679720778857	9.32597997939444	9.02347715183043	8.85049941375812	7.28169825009883	7.68088692071969	7.41023933077602	6.09592441999854	6.49185309632967	8.71321465299855	6.97269265400426	6.08533966935737	6.04875931191986	5.96231765494231	6.27519333390221	7.63008507000212	6.39746072605472	9.07012094447682	7.27519333390221	8.14974711950468	6.08108392868763	7.89299809305507	9.61856903957084	7.69139457853808	7.71218305120923	6.62935662007961	6.70804925170222	7.87221314397577	8.63154086734149	6.99435343685886	9.03066713624694	7.16791986555194	7.9898202201176	8.32553033156756	6.40429006444484	6.94016675048282	7.04548665635946	7.9413411054853	6.54740869795997	7.20261362014849	6.57893871309339	6.8008998999203	7.6387978999517	7.02680005934372	4.62935662007961	5.65535182861255	6.01122725542325	5.95884267524324	6.76818432477693	6.05961485629722	5.82273014794452	7.18487534290828	6.32373033752135	5.4093909361377	5.55765515472542	6.44625622988956	5.89965902637744	6.12515513132229	5.06608919045777	5.35049724708413	5.36457243229586	6.14465824283188	6.44790974874208	5.19770815795585	5.8073549220576	7.06501215043695	6.467605550083	5.39574832817903	6.02458563827827	6.53760669149529	6.39059890555246	6.68650052718322	4.79701297783614	5.51412226017071	6.2460279805281	5.71699089440494	6.78004757606187	6.27052894238072	5.94251450533924	6.50303064564116	5.12928301694497	6.18784690943957	6.21529030565123	4.95419631038687	5.65248649491816	6.92837032301897	6.17592374206376	5.96116025813664	7.51963625284321	6.45450493755737	6.32732808262995	6.63807383718072	5.54843662469604	6.74011804283313	6.84046323386954	7.41320478925258	7.40087943628218	6.44128427192704
PRUNE2	13.1092756648352	13.2054878201506	12.7681429625143	13.5399160757049	13.0151362437974	12.9052929785547	11.9327314897786	12.5398131110698	12.8767087815551	12.121371625959	13.2759062393277	12.1601865766007	12.016599388146	12.0005282339868	12.6658244319256	12.7974791511898	12.4710400855943	12.1360779277349	12.0563667610245	12.1670731122837	12.8661133521751	12.8090043832508	12.5961198564355	12.7280055166216	12.9064772643877	13.2318961608586	12.7652239301173	11.9905294748592	11.9918760990034	11.4959049808368	11.2150475707233	11.7065391860282	12.1876922913464	11.3955876866229	12.5010658831349	10.5395465802384	10.014299494596	8.32463061526719	7.90147031982427	10.3442959079158	11.4975524915738	10.4318109724758	8.20114373205303	9.15228484230658	7.00674683244058	6.93545974780529	10.7458423625605	8.85362145574883	11.0885232566166	8.8008998999203	8.62168560672668	7.31288295528436	11.1246383141787	12.4658469582474	11.3847837500934	9.20310325023664	7.93840342367024	8.83130724380205	11.3387363825739	11.4895469495454	8.66177809777199	12.5389164024641	8.59320435406329	9.86635165707678	10.617283787779	9.76478867484533	10.5620515789214	9.28725064325462	10.5081909305572	9.73290229761428	10.3539187034762	9.41256984680521	7.31288295528436	11.3053777856275	8.87344411251538	7.75020450927987	8.15987133677839	9.6398833131998	7.97727992349992	8.61691636257881	6.43462822763672	7.21237478756727	8.90207357931074	8.47248777146274	6.90448409790142	6.51096191927738	6.5668151540109	7.71011763204345	8.64925617751731	6.78267065867701	6.98071082890019	7.30012372456901	5.62058641045188	7.95506864440976	7.37677657188298	6.77478705960117	8.00281501560705	8.16641418264516	5.71561885907482	7.03342300153745	7.38973887867698	7.24222139509837	6.90989308377004	7.2807707701306	6.19770815795585	5.49825086752783	6.50143914515887	9.31989787715446	7.51412226017071	8.0869323411374	6.89602960297675	6.40769264866568	8.49944729748518	9.30879406721648	8.64349547092277	7.74348803978919	3.56071495447448	7.06501215043695	7.60288440871842	8.25856603388993	8.40832974076739	7.65391987311942	7.3566720442121	7.87897051015108	7.26303440583379	8.19229281447077	10.0871313015405	9.49405553176536	8.1261882105221
SLC35A2	8.30560578958543	8.27006167272776	8.29094040240368	8.24031432933371	8.3264294871223	8.66498052981033	8.36501007678302	9.24863919398464	8.98270842891991	8.95623093654988	8.67065624911844	8.87958324961278	9.50442176983273	8.43712784427281	8.29416121869475	8.7488637145357	8.01847839596593	8.22255342742343	7.97880577792151	8.05799172275918	7.72996056101802	8.43879185257826	8.56166981256803	8.68474862042163	8.01290383323064	8.15532422905059	8.09961081196091	7.42038134119664	8.67277890037074	8.41574176829009	8.43796008833447	8.56262403909987	8.67771964164101	8.13903966768306	8.47694867324594	8.91931028423605	8.56147889150101	8.36806987653208	9.98213796823992	9.50858711208948	10.0350739973776	9.97670731184688	10.141851690448	9.78185145756426	10.0480781206135	10.1004652360551	8.93545974780529	9.35887093968562	9.41764157913863	9.39671180206695	8.34607044078517	9.23625342497266	8.69139457853809	8.70286528981519	8.67313237214536	9.87005641847295	9.3306928397508	9.44118050704471	9.07895134139482	8.52884476742596	9.63099511547536	8.24126817732937	8.93840342367024	9.5708044377245	8.73775435236028	9.98427603370197	10.1277364435888	8.69661984698429	9.58571370877817	9.54219355022077	10.0043609361144	9.71441725685338	10.1842554954053	9.96737037701611	9.44687652156844	9.25715208894739	9.69661984698429	9.92228706243213	9.67507492038544	10.2479275134436	10.2690097623342	9.37134104800584	9.22665302327777	10.2775198866414	9.73944309777245	9.77495174141642	10.0380959246845	9.75254790584714	10.0449404912797	9.85735900975864	9.96491840784853	10.1027630966256	10.2403143293337	10.0550112267325	10.2984062984217	9.77807712953536	10.0926250199398	10.0290110866591	10.0268692052634	9.95985707589637	9.72366094440998	9.94148783266985	9.98505919780686	9.67419226814568	10.2932417189562	9.85237344958027	10.3040090046511	9.75405236752892	9.90643968294947	9.97584796800678	10.2066481074478	10.3948913664426	10.4066302028994	10.38499954473	9.98769036139571	10.4773535266346	9.7047682393626	9.62990299200089	8.88569637333939	8.93531240622921	9.35777191088189	10.250179965175	9.73080975466246	9.41721961509909	9.33158878453407	10.0746766862945	9.45512169355147	9.76884595975339	9.97613447283165
FLNC	13.7356512132592	13.5957586539779	13.5581695591485	12.4252552489912	12.7352386807184	12.3748493046386	13.459777393658	12.579103760943	12.47568277365	12.2712003774729	12.8504017409978	12.1903185479418	12.0794847838268	13.2208770777733	14.3296351890405	14.5087232743678	12.6754719377821	12.4728431213224	12.1180650701755	13.361710796949	13.2922641079295	12.9413594471995	12.6216512695168	13.4232603825694	12.7605536329757	13.016564568615	13.7669946864218	12.2539065621988	12.6721159072795	10.6456584324087	11.4812444422221	11.2280971625784	12.6019796577043	11.3247993548187	11.6840034153644	12.4393893870662	10.3500551772045	8.49785183695112	9.13929553272601	10.1926626888584	12.3179778224071	10.7226367879253	7.37937836707126	9.23959852924912	8.05690861832325	9.02472413921832	10.0145784649229	9.57553924683453	11.7186613001787	8.65320336203398	9.55631444898191	7.4594316186373	11.1430642806314	12.4532191817721	13.0104406883665	9.45840661323653	7.34251918966061	8.3454052467178	12.0241354183735	11.6595053997442	8.37068740680722	13.1272044258558	7.68509917200661	10.4797802640291	11.0102483511753	10.7065391860282	11.2935866000386	9.56529252058102	10.5857137087782	10.2267332915758	10.1802821525626	10.3656662946888	8.6560672737256	9.89360490485829	8.60696034451027	8.32327998788732	8.67277890037074	9.74533818815698	9.04111153536915	8.50898318485542	7.20750245925879	9.74079267227768	8.68299458368168	8.81185631429254	6.85673675611911	6.34695688937888	7.86232740051799	6.86170728658586	7.86108690599539	7.15177765473205	6.99095486039699	6.10433665981474	7.83130724380205	8.51412226017071	7.22207035524718	7.26209484537018	7.58796498888268	9.30788384949487	6.34074028063018	7.8592241619782	7.8856963733394	7.45450493755737	7.3544697921574	8.75988818322183	7.44211412241923	6.992088609014	7.00225245173138	8.32237886665822	7.95652136333312	7.17990909001493	8.07948478382682	8.31831684133498	9.82766026862917	9.82543584852192	6.92005505480697	7.77082904603249	8.34385193344212	7.50143914515887	7.67877617412388	8.76121877592938	9.38672474079917	6.91288933622996	7.27052894238072	8.24222139509837	7.62351574149055	8.4524471779147	10.3112374356005	9.54438492081483	9.75405236752892
PTGS1	13.6354120479063	13.5018869321494	13.4425288687325	12.7942635467553	13.2939170337301	13.1097653724832	12.1114943427671	12.4713195767136	12.4520223996395	12.576200881811	12.898922538347	12.4900235211284	10.0718645448872	12.1147509185859	11.8901502555207	12.3681244568798	12.4124375319483	11.5297965500995	12.343315282025	11.8216145593459	12.3737442630257	12.7235542953587	13.0736646120549	12.0007746770072	13.2384196677975	13.2288036623443	13.1775441176742	13.2968445290732	11.1217925057692	10.8664289367212	11.0911708900279	11.7604704685404	12.5542051051557	11.1675435921203	12.1948799460175	10.9252948055796	10.3259799793944	9.84407802806313	10.0826813029504	9.73013043973954	12.3725658276223	10.4376480530697	10.4302434502751	8.97412774319142	11.9976029104884	8.33293165932003	10.086534337997	8.92777796208234	12.212009933182	9.58796498888268	7.65033375384593	8.06123616574775	11.3976211591982	12.4152135987653	10.9386974611809	9.1025006691504	8.18636189125299	8.72092824314849	11.3359485652023	10.4471348977428	9.11139653182856	12.8054012921552	8.62461270900574	9.81922110355015	11.1950645637208	10.0244471240406	10.2095752097269	9.36610360752657	10.084011098455	10.1098741733996	10.3748221416348	9.44252886873253	8.29737486052832	10.1184220243132	8.62935662007961	8.87590290312484	8.78201533500419	9.79766152585376	9.58552594343126	10.1655351413779	12.4501286845907	9.7486960275429	9.85362145574883	8.47937609116166	9.02873489348489	8.18289089274548	7.83478704933734	8.09381367340273	8.91617804254471	8.11243950678155	8.1873520732005	8.16138386011199	7.49944729748518	8.38672474079917	8.11945993445933	8.48421870843316	8.21334728173344	9.09750545581802	8.08268130295035	7.82273014794452	8.1814007617393	7.82527683005487	7.82718389581953	7.84737060090548	8.12773644358883	9.47876961947576	7.49904859773388	9.06608919045777	8.62021982550749	9.2538474849874	8.59991284218713	8.57818396809009	9.35952995532291	8.5208150858443	7.71561885907482	8.38284014447524	9.22013644739608	7.79051141189419	7.55765515472542	10.1252197204496	8.84971784645969	8.40471582659663	10.9733386208004	8.85517994681633	8.76121877592938	8.70043971814109	9.76810159906568	8.83130724380205	8.57478272083875
TACR2	10.9959790885479	10.8429788317883	10.7675223862285	9.85658115076482	10.839754930914	8.26725487215199	10.1644041578813	8.4890451251148	9.7641251761083	10.4325419003883	10.9007158905643	8.05202456048283	7.80928581019891	8.96304055671666	5.70597790168252	10.9881165847601	8.74685018309805	7.25502856981873	7.97613447283165	9.33695280016051	9.86537242316105	8.99180525537646	10.3590357218191	10.1680452682241	11.1593037314567	10.7636273517276	9.94676009734083	9.4214337119785	8.78855521492886	7.18784690943957	8.91975719271426	8.11945993445933	10.2277362632542	6.5438051759644	7.96231765494231	9.44325438800399	6.67666233485797	5.20554891117303	4.83794324189103	6.74281466986289	7.99322146736894	7.89056829030659	3.56071495447448	6.69627208392586	4.84297883178833	4.62935662007961	6.64673869830785	5.09592441999854	8.42122329922514	6.21723071622067	5.11270013274936	4.27798474729977	7.77807712953536	8.19278595925113	6.7292808460274	5.36457243229586	5.66106547980695	5.16188768237689	5.30742852519225	7.08214904135387	5.61176256006487	9.78528898070402	5.24412594328373	5.41278152533848	7.00786824333334	6.34784279363816	8.00112666545428	6.55765515472542	8.68334556167657	6.72064328932025	7.78985964091365	6.65535182861255	4.94485844580754	6.40087943628218	6.34340782229781	4.46923479366766	4.70043971814109	4.99095486039699	4.77082904603249	6.82273014794452	6.5077946401987	4.09592441999854	6.71011763204345	5.75488750216347	4.73876783680019	4.24031432933371	4.41278152533848	5.78659636189081	4.71699089440494	4.52356195605701	4.94953493301701	4.6724253419715	6.27519333390221	4.07895134139482	3.77610398807316	3.76553474636298	5.35755200461808	5.78135971352466	5.25927248703759	3.99095486039699	5.33985000288462	4.73335434061383	6.16791986555194	7.07574653806091	4.38543103719352	4.16188768237689	5.04875931191986	4.85798099512757	5.18189764310839	6.10433665981474	5.43295940727611	5.62351574149055	4.14567745519564	7.17392693199981	4.15380533607904	3.91647664443772	5.44294349584873	2.60880924267552	4.76022094646651	5.2667865406949	6.59544398458948	4.57893871309339	4.93073733756289	4.17791779219584	6.35755200461808	3.68929916053589	7.22929950871093	5.30742852519225	4.61470984411521
SYNM	15.3672440968693	15.4599086384018	14.7617174319771	14.9037359499647	14.9077403706909	14.5707273686232	14.7162621631064	14.6195551527838	14.9616735154397	14.4568420765541	14.6148536004094	14.2757753239222	13.4459071985839	15.2448450744272	15.4693333802272	15.6826325481724	14.4649094412954	14.4064940204723	14.2189264372263	14.872020710229	15.1146546835249	14.7917988124327	14.8730859897769	15.5364597182459	14.6835155359518	14.58705669183	14.7042549064775	14.8705862703191	14.2604123848473	14.1872824732403	14.363730961358	14.2261487384011	15.2161660874582	14.3599416872793	15.2569899858971	13.7638036841759	12.4450665915344	9.99322146736894	9.66266837551754	10.9726208620587	14.057577192896	12.476265225425	9.31333656165215	11.3097605447296	8.52610794674445	9.47715111414164	12.0812504043852	11.2511865035243	13.8161536749838	10.5621947152629	11.0512089409148	7.92243574023315	13.3531743996811	15.3431995981278	13.7715720011811	11.2247855346036	10.7225514087247	10.0330099571941	14.3683632216254	13.9959172766102	10.7592224263845	15.3099807541698	9.53118648855292	11.7076179656266	13.3456963068622	11.8581558802084	12.1009907840928	10.732761005199	12.804736051614	12.0536657295069	12.4781628927376	12.1065629404449	8.71973105674985	13.9608979063584	9.08587075533461	8.07868454619464	9.20847824221171	11.306004709826	8.43754402631547	10.0691812091543	8.21723071622067	7.80671071796524	8.27612440527424	9.86015583462336	7.93604896367662	7.32373033752135	8.1532986828549	7.54148386405428	9.75171141539587	7.92570278135133	7.03782146543497	8.54843662469604	8.60306992855933	9.84022717152084	9.15633593669436	8.16138386011199	8.01010845347429	11.0686439425841	7.60177078840771	7.78332568481352	8.33806779754262	8.62862780216015	7.9316239677501	7.97556140627362	6.73876783680019	8.2460279805281	7.76022094646651	11.0504608843589	6.69905184401685	8.49745269597724	9.06824086131282	8.30924896081662	9.70925616725348	11.2370306585975	7.64889680647525	8.30012372456901	10.0948694327187	7.52199295640167	8.15785216914174	9.82392446494274	9.07159643579132	8.14669594803066	9.16616308264611	9.12153351734003	8.77313920671969	9.90418300324503	12.9385228836367	9.82161455934585	9.07601387708528
CRYM	11.3065744046055	11.4409210621826	9.92955431573285	10.1184220243132	11.0703222367183	11.4227480968664	10.565387732265	10.2461467746359	10.7927902943011	9.9515761390748	10.3133365616522	10.777994969164	10.0371350887909	10.5513237480148	10.4175360996986	10.2038373839346	9.886611111851	10.2287585769501	9.38895007000396	10.1288965290092	10.5820792404705	10.4435652131783	10.7288983655666	10.5918028173698	10.6482676916678	11.3422413796733	11.0218128235848	9.97211821838414	9.65284497300198	9.70043971814109	9.94192792470872	10.2352962545671	10.57931593758	9.89087223954207	10.593764587728	10.5549245461724	8.70321146739115	9.08931805695308	7.49225378930292	9.39210272004142	9.2364926183813	9.20872208486265	6.62205181945638	8.4966540825935	7.00225245173138	8.05799172275918	8.47654370621426	8.86294724802092	9.17816685478444	8.4801843236987	7.97899639608894	7.98071082890019	9.35645197022176	10.7861879325245	8.89087223954207	7.88264304936184	8.14006285569821	8.0666274090952	8.34518344718767	11.2187751145732	8.22158712126481	9.09750545581802	6.50937914891469	9.31763872379447	9.74718596688658	9.19105921453166	8.90026304356897	8.82495874052852	9.68667560090965	9.82670736566131	9.11348172827596	8.78037572232529	7.95594045128948	8.98697970917658	7.46188866443282	7.2001629739997	8.09750545581802	8.19672506078603	7.43712784427281	7.78528898070402	7.26865895502767	7.0948694327187	6.80606622608903	9.7429830418116	8.43587857730987	7.57667329251657	7.43962313755712	7.50143914515887	8.28771237954945	7.51017075115177	8.35093918154643	6.88996019965864	7.35931031689044	8.06635832487529	8.0574502721839	7.81313985089045	7.40854204229686	8.4655664048094	7.73267622307331	8.0757465380609	8.65069276717138	7.77214959078454	8.31809083756842	7.04220656012069	7.49024921062709	6.4966540825935	8.22641219278879	8.84486265583082	8.90086680798075	9.15709425210782	8.46474993900329	8.3228294976289	8.64781815592715	8.49465561290021	7.8923910259134	8.4241662888181	6.27239650903748	7.69905184401685	6.97154355395077	7.4254257345907	7.8811139606751	7.26115467261557	7.99095486039699	8.6560672737256	6.43629511983936	8.17442639367725	9.81514309351409	8.49024921062709	7.54843662469604
NT5DC3	10.6345388178771	10.0777503742656	10.1543118114365	10.2532565797812	9.85595856146143	9.71699089440494	9.41023933077602	9.66088727030257	9.54978466794786	9.21989452653681	8.93014594790882	9.23816586275513	8.40087943628218	9.2950801327646	9.92258440271366	9.39231742277876	10.2214662874743	9.14491311343424	8.6016469998626	9.80751592814458	9.70885397430226	10.2866732649939	9.58608916617544	9.61599738997567	11.369760907873	10.8008998999203	10.4322286909126	10.3310288842512	9.8298812642924	8.75988818322183	9.14745934607698	9.47106549611535	10.4954553330099	9.26397335480341	10.1268335095626	8.79798569056491	8.67277890037074	8.02292258905563	8.04957631715597	8.49185309632967	9.07065766138811	8.62789861587175	7.08321336824898	8.2592724870376	7.48381577726426	7.73843008775478	8.52630360620646	7.65033375384593	9.32373033752135	8.42815076780649	7.92659251005107	7.51569983828404	8.31242920625061	9.08161658331465	9.35645197022176	8.2045711442492	8.45450493755737	8.03754695396218	8.87252098459166	8.37937836707126	8.2803068064537	9.81970011247743	8.37851162325373	8.66604642940879	9.3819754785573	7.75221336786514	7.96173907260414	7.81249822533356	8.08321336824898	7.78157828690563	8.54728015566346	8.20163386116965	7.7279204545632	8.59320435406329	7.99661471481536	7.98641093525204	8.21771541135067	7.56833618213375	8.3110671022556	7.82145511910246	7.12928301694497	7.81249822533356	9.12954061806	9.1184220243132	7.67383905599044	6.93663793900257	6.75355105460065	7.10956950937069	8.02845864742548	6.60436789989375	7.02790599656988	7.05093696522523	7.148222340387	7.62461270900574	6.48220292629596	7.0574502721839	7.79506558265962	7.66035250967092	7.15532422905059	7.04439411935845	7.36544758855011	7.31650781910311	6.60659028037053	7.66249036391378	6.47411151394241	7.0703893278914	7.62570884306446	8.13852780142227	7.73741636593706	7.68018368159249	6.67383905599044	7.84109254469343	6.69905184401685	7.76420813013995	8.5453506448223	7.51648798090997	7.10013667128545	7.67736729213605	8.12463831417871	8.07975143109509	7.98840066372944	7.1333991254172	7.79571500650173	7.01903466936434	7.48139582415413	8.31015831794782	7.99943633715208	8.55650605467193	7.70321146739115
CCDC69	11.3800822132013	12.0726685733536	10.5486292794391	11.304693557471	11.2594490462857	10.4715736125722	10.4971532677619	10.8792003179474	10.3670870770112	10.5052160960969	11.1662886381086	9.90418300324503	9.38521530709355	10.610563503925	10.4653623316722	10.8880582627142	10.2148047949481	10.3487281542311	9.81922110355015	10.4714720035965	11.078817949962	10.9834924442271	10.4489422364702	10.5631962722167	10.8502649880231	11.2946781798759	11.0201465731118	10.9137869998745	9.37199439319365	9.47350282465377	9.89269459141497	10.0566377151132	10.3445178439275	9.47411151394241	10.1241213118292	10.3655569457638	8.81922110355015	7.23840473932508	7.02014657311178	8.26303440583379	10.0947375050481	8.34607044078517	7.60659028037053	7.35226417325832	5.86913111964429	6.75087443965685	8.16390121381454	8.41405094472604	9.48442013182489	7.17841587438304	10.1959872980285	7.59842476052772	9.52042224852645	10.3062895853361	9.73504824129086	8.60880924267552	3.56071495447448	8.52199295640167	9.44604940671655	8.97211821838414	7.90809234081827	10.1682960408722	7.29462074889163	7.5909612413426	8.81954046050572	7.5073982409543	9.41848513714593	8.33806779754262	9.20896588630656	8.36690500346008	8.40130620600602	8.20212382383046	6.68929916053589	9.33293165932003	7.17891378466957	6.97670731184688	7.96000193206808	8.21771541135067	8.37155886261196	7.34340782229781	6.71424551766612	7.00337736020232	7.94602898951548	7.79895774790043	7.66746640495737	7.58496250072116	8.24935052362723	3.56071495447448	7.20847824221171	7.74247786700368	6.86789646399265	7.27705487614873	6.36018867006271	7.0601554952546	7.89481776330794	7.13442632022093	7.55612281784117	9.09249288685906	6.2336196767597	7.13545278418517	7.82209277437953	6	7.16188768237689	7.19672506078603	7.72996056101802	7.29737486052832	6.41278152533848	7.75888943272096	8.01625115501275	8.55535603863583	5.90448409790142	7.22110372536788	7.30924896081662	7.23744899563932	7.38543103719352	6.81762325751143	6.14974711950468	8.23074100262691	6.71699089440494	5.74685018309805	7.04165915163721	7.95419631038687	6.59544398458948	7.15177765473205	7.67595703294175	7.20652601587743	8.812658658477	8.09645162447759	6.64817779572482
CRYAB	12.8903022821855	13.1581994147579	13.1629891805583	12.2754116076736	12.3280577795828	12.1957720461383	13.4088073752829	12.8111538969064	12.0705235008783	12.7442662321779	11.4218018604699	13.189685593975	12.6832358902252	12.0291491634205	13.7327186147589	14.4916026066961	12.5643400579856	12.10271389511	11.9757763329095	12.5498568490161	12.3308141980899	11.7748282318174	12.4697054043009	12.3851613695278	12.9826906054376	12.6647805859335	12.8822418204297	12.5783962800339	12.6157905404438	11.606266396362	10.4947556021605	10.8042923874427	11.8487011755662	10.5762953763282	10.9346491828556	11.1451997890519	10.0183392940962	10.6159054605118	9.47065887406055	10.5035276297106	11.4464630234169	10.4010928369247	9.36806987653208	8.5372184005386	8.38995393346472	10.3923710934709	8.60843965255159	9.35049724708413	10.7135583564048	8.71011763204345	13.065500283823	7.57591736111815	10.8018699963645	11.8748661118183	12.4473157335362	8.30651744524982	8.97727992349992	8.79571500650173	10.8389675195634	10.8603498573842	8.43003431857349	11.7344132615821	8.43962313755712	9.98626870672717	10.4299297413533	9.83431302434839	10.8745203490747	10.9212458885856	11.4033316399499	10.3859702213538	9.27052894238072	10.3896313392605	9.45368218587218	10.6284455401372	8.75087443965685	9.09711035926868	9.20554891117303	9.65391987311942	11.6364886818177	8.84360704649056	7.03562390973072	7.51333282374013	8.59693514238723	10.4151079416529	7.97498811199193	6.87159726561385	7.20065343636747	7.84862294042934	8.30241045042562	7.37937836707126	6.36106648879432	7.07788386443832	8.07815080773465	8.04028972102572	7.91348784071516	5.8923910259134	7.79246495997994	8.56071495447448	6.75888943272096	7.80928581019891	7.35402893805439	8.09275714091985	7.92124588858559	8.97584796800678	8.4446008137115	7.80025280637239	6.37677657188298	8.82017896241519	8.68894962811967	8.18090370917938	7.85362145574883	7.98185265328974	8.467605550083	9.3203492836165	5.60288440871842	8.30012372456901	8.94573644261376	7.89481776330794	8.70701394843505	8.88584887004065	8.99067128397527	8.0639343057541	9.13185696060879	9.84345001845874	7.48300957716455	7.74685018309805	9.74458159603708	9.39381944794399	7.36194377373524
SOBP	11.9097056112156	12.2230665144404	10.9649184078485	11.2929542550621	11.3766138037843	10.7693419869341	10.3228294976289	10.8305152069768	10.6981837442007	10.55324529204	10.6158135251897	10.2487577732837	10.2507721315999	10.1825805756849	11.3858624006415	10.7850437147797	10.2059154029928	10.2333200827308	9.97770923314179	10.6324499952567	11.6106711520872	11.4638308623226	11.0005634427101	11.3416300093299	10.5158969143093	11.7338203615981	11.577381618656	11.6812823421394	11.1212744824096	10.0320457269308	10.5994479815287	10.6890370191632	10.8030009517151	10.6177429377275	11.3251367747254	9.842664621825	8.70217268536555	7.91169158187234	7.47451716417449	8.69453201009184	9.69278983497265	9.25171909260596	7.4749227003798	8.78004757606187	6.59916899321943	6.52277766952458	9.3533674042067	8.40130620600602	10.0382331347318	8.76818432477693	9.64132926174569	7.33181268381921	10.1181624300631	11.0817497162489	10.4297205641685	7.68299458368168	8.96837880137054	8.19475685442225	9.7262181593322	10.5471355318309	8.5762953763282	10.320010742012	8.50819093055715	9.09169983413681	10.0469875450795	8.22833771198138	8.87866404280189	9.18289089274548	9.13108525957895	9.25691629667084	8.94719858426206	8.42919748847991	8.21091481607392	9.30286736097287	8.7007864781574	7.9005649573591	7.52591226074335	7.57516103342539	7.80606622608903	6.88752527074159	6.04001567884788	7.20261362014849	9.01262453886506	8.14363830992204	6.76155123244448	6.86789646399265	7.41616416473313	6.61028665708102	9.46842040186455	6.19770815795585	6.54843662469604	5.94953493301701	7.16540952031982	7.28401434473801	7.3931759143488	6.99774402605963	6.46270675067016	5.17392693199981	6.61618123133188	6.98185265328974	7.83857365266832	6.08746284125034	6.54766574835342	7.1053847492476	6.17791779219584	6.74146698640115	6.92243574023315	9.20920964655735	7.03782146543497	6.83794324189103	7.78594281939225	7.5894638929561	7.65176927141799	7.78659636189081	8.12876767668555	6.78004757606187	7.6667565918848	7.05093696522523	7.19967234483636	8.12489674589295	8.43733595030142	7.21723071622067	6.81506301719287	7.59395128394841	7.56453060081634	7.94251450533924	9.52571654819596	9.23912113181231	7.60806996772166
